"time (s)","velocity (m/s)"
0.000000,    0.000000
0.010000,    -0.098100
0.020000,    -0.196200
0.030000,    -0.294299
0.040000,    -0.392397
0.050000,    -0.490494
0.060000,    -0.588590
0.070000,    -0.686683
0.080000,    -0.784773
0.090000,    -0.882861
0.100000,    -0.980946
0.110000,    -1.079027
0.120000,    -1.177104
0.130000,    -1.275176
0.140000,    -1.373244
0.150000,    -1.471307
0.160000,    -1.569364
0.170000,    -1.667416
0.180000,    -1.765461
0.190000,    -1.863499
0.200000,    -1.961530
0.210000,    -2.059554
0.220000,    -2.157570
0.230000,    -2.255578
0.240000,    -2.353578
0.250000,    -2.451568
0.260000,    -2.549550
0.270000,    -2.647521
0.280000,    -2.745483
0.290000,    -2.843434
0.300000,    -2.941374
0.310000,    -3.039303
0.320000,    -3.137220
0.330000,    -3.235126
0.340000,    -3.333019
0.350000,    -3.430899
0.360000,    -3.528767
0.370000,    -3.626621
0.380000,    -3.724461
0.390000,    -3.822287
0.400000,    -3.920098
0.410000,    -4.017894
0.420000,    -4.115675
0.430000,    -4.213440
0.440000,    -4.311189
0.450000,    -4.408922
0.460000,    -4.506638
0.470000,    -4.604337
0.480000,    -4.702018
0.490000,    -4.799681
0.500000,    -4.897325
0.510000,    -4.994951
0.520000,    -5.092558
0.530000,    -5.190146
0.540000,    -5.287713
0.550000,    -5.385261
0.560000,    -5.482788
0.570000,    -5.580293
0.580000,    -5.677778
0.590000,    -5.775241
0.600000,    -5.872682
0.610000,    -5.970100
0.620000,    -6.067496
0.630000,    -6.164868
0.640000,    -6.262217
0.650000,    -6.359542
0.660000,    -6.456843
0.670000,    -6.554119
0.680000,    -6.651370
0.690000,    -6.748595
0.700000,    -6.845795
0.710000,    -6.942969
0.720000,    -7.040116
0.730000,    -7.137237
0.740000,    -7.234330
0.750000,    -7.331396
0.760000,    -7.428433
0.770000,    -7.525443
0.780000,    -7.622424
0.790000,    -7.719375
0.800000,    -7.816298
0.810000,    -7.913190
0.820000,    -8.010053
0.830000,    -8.106885
0.840000,    -8.203686
0.850000,    -8.300456
0.860000,    -8.397194
0.870000,    -8.493900
0.880000,    -8.590574
0.890000,    -8.687216
0.900000,    -8.783824
0.910000,    -8.880400
0.920000,    -8.976941
0.930000,    -9.073448
0.940000,    -9.169921
0.950000,    -9.266359
0.960000,    -9.362762
0.970000,    -9.459130
0.980000,    -9.555462
0.990000,    -9.651757
1.000000,    -9.748016
1.010000,    -9.844238
1.020000,    -9.940423
1.030000,    -10.036570
1.040000,    -10.132679
1.050000,    -10.228750
1.060000,    -10.324782
1.070000,    -10.420775
1.080000,    -10.516729
1.090000,    -10.612643
1.100000,    -10.708517
1.110000,    -10.804351
1.120000,    -10.900144
1.130000,    -10.995896
1.140000,    -11.091606
1.150000,    -11.187275
1.160000,    -11.282901
1.170000,    -11.378485
1.180000,    -11.474026
1.190000,    -11.569524
1.200000,    -11.664979
1.210000,    -11.760390
1.220000,    -11.855756
1.230000,    -11.951078
1.240000,    -12.046356
1.250000,    -12.141588
1.260000,    -12.236774
1.270000,    -12.331915
1.280000,    -12.427009
1.290000,    -12.522057
1.300000,    -12.617058
1.310000,    -12.712012
1.320000,    -12.806918
1.330000,    -12.901777
1.340000,    -12.996587
1.350000,    -13.091349
1.360000,    -13.186061
1.370000,    -13.280725
1.380000,    -13.375339
1.390000,    -13.469904
1.400000,    -13.564418
1.410000,    -13.658881
1.420000,    -13.753294
1.430000,    -13.847656
1.440000,    -13.941966
1.450000,    -14.036224
1.460000,    -14.130431
1.470000,    -14.224585
1.480000,    -14.318686
1.490000,    -14.412734
1.500000,    -14.506728
1.510000,    -14.600669
1.520000,    -14.694556
1.530000,    -14.788388
1.540000,    -14.882166
1.550000,    -14.975889
1.560000,    -15.069556
1.570000,    -15.163168
1.580000,    -15.256724
1.590000,    -15.350224
1.600000,    -15.443667
1.610000,    -15.537053
1.620000,    -15.630382
1.630000,    -15.723654
1.640000,    -15.816868
1.650000,    -15.910023
1.660000,    -16.003121
1.670000,    -16.096159
1.680000,    -16.189139
1.690000,    -16.282059
1.700000,    -16.374920
1.710000,    -16.467720
1.720000,    -16.560461
1.730000,    -16.653141
1.740000,    -16.745760
1.750000,    -16.838317
1.760000,    -16.930814
1.770000,    -17.023249
1.780000,    -17.115621
1.790000,    -17.207932
1.800000,    -17.300179
1.810000,    -17.392364
1.820000,    -17.484486
1.830000,    -17.576544
1.840000,    -17.668538
1.850000,    -17.760469
1.860000,    -17.852335
1.870000,    -17.944136
1.880000,    -18.035872
1.890000,    -18.127543
1.900000,    -18.219149
1.910000,    -18.310689
1.920000,    -18.402162
1.930000,    -18.493569
1.940000,    -18.584910
1.950000,    -18.676184
1.960000,    -18.767390
1.970000,    -18.858529
1.980000,    -18.949600
1.990000,    -19.040604
2.000000,    -19.131538
2.010000,    -19.222405
2.020000,    -19.313202
2.030000,    -19.403930
2.040000,    -19.494589
2.050000,    -19.585178
2.060000,    -19.675697
2.070000,    -19.766146
2.080000,    -19.856525
2.090000,    -19.946832
2.100000,    -20.037069
2.110000,    -20.127234
2.120000,    -20.217328
2.130000,    -20.307349
2.140000,    -20.397299
2.150000,    -20.487177
2.160000,    -20.576981
2.170000,    -20.666713
2.180000,    -20.756372
2.190000,    -20.845957
2.200000,    -20.935469
2.210000,    -21.024907
2.220000,    -21.114270
2.230000,    -21.203559
2.240000,    -21.292774
2.250000,    -21.381914
2.260000,    -21.470978
2.270000,    -21.559967
2.280000,    -21.648880
2.290000,    -21.737717
2.300000,    -21.826479
2.310000,    -21.915163
2.320000,    -22.003771
2.330000,    -22.092303
2.340000,    -22.180757
2.350000,    -22.269133
2.360000,    -22.357432
2.370000,    -22.445653
2.380000,    -22.533796
2.390000,    -22.621861
2.400000,    -22.709847
2.410000,    -22.797754
2.420000,    -22.885582
2.430000,    -22.973331
2.440000,    -23.061000
2.450000,    -23.148590
2.460000,    -23.236100
2.470000,    -23.323529
2.480000,    -23.410878
2.490000,    -23.498146
2.500000,    -23.585333
2.510000,    -23.672440
2.520000,    -23.759464
2.530000,    -23.846408
2.540000,    -23.933269
2.550000,    -24.020048
2.560000,    -24.106746
2.570000,    -24.193360
2.580000,    -24.279892
2.590000,    -24.366342
2.600000,    -24.452708
2.610000,    -24.538990
2.620000,    -24.625189
2.630000,    -24.711305
2.640000,    -24.797336
2.650000,    -24.883283
2.660000,    -24.969146
2.670000,    -25.054925
2.680000,    -25.140618
2.690000,    -25.226226
2.700000,    -25.311750
2.710000,    -25.397187
2.720000,    -25.482540
2.730000,    -25.567806
2.740000,    -25.652986
2.750000,    -25.738080
2.760000,    -25.823088
2.770000,    -25.908009
2.780000,    -25.992843
2.790000,    -26.077591
2.800000,    -26.162251
2.810000,    -26.246823
2.820000,    -26.331308
2.830000,    -26.415705
2.840000,    -26.500014
2.850000,    -26.584236
2.860000,    -26.668368
2.870000,    -26.752412
2.880000,    -26.836368
2.890000,    -26.920234
2.900000,    -27.004012
2.910000,    -27.087700
2.920000,    -27.171298
2.930000,    -27.254807
2.940000,    -27.338226
2.950000,    -27.421556
2.960000,    -27.504795
2.970000,    -27.587943
2.980000,    -27.671001
2.990000,    -27.753969
3.000000,    -27.836845
3.010000,    -27.919631
3.020000,    -28.002325
3.030000,    -28.084928
3.040000,    -28.167439
3.050000,    -28.249858
3.060000,    -28.332186
3.070000,    -28.414422
3.080000,    -28.496565
3.090000,    -28.578616
3.100000,    -28.660574
3.110000,    -28.742440
3.120000,    -28.824213
3.130000,    -28.905892
3.140000,    -28.987479
3.150000,    -29.068972
3.160000,    -29.150372
3.170000,    -29.231678
3.180000,    -29.312890
3.190000,    -29.394008
3.200000,    -29.475033
3.210000,    -29.555962
3.220000,    -29.636798
3.230000,    -29.717539
3.240000,    -29.798185
3.250000,    -29.878736
3.260000,    -29.959193
3.270000,    -30.039554
3.280000,    -30.119820
3.290000,    -30.199990
3.300000,    -30.280065
3.310000,    -30.360044
3.320000,    -30.439927
3.330000,    -30.519715
3.340000,    -30.599406
3.350000,    -30.679001
3.360000,    -30.758499
3.370000,    -30.837901
3.380000,    -30.917207
3.390000,    -30.996415
3.400000,    -31.075527
3.410000,    -31.154542
3.420000,    -31.233459
3.430000,    -31.312279
3.440000,    -31.391002
3.450000,    -31.469627
3.460000,    -31.548154
3.470000,    -31.626584
3.480000,    -31.704916
3.490000,    -31.783149
3.500000,    -31.861285
3.510000,    -31.939322
3.520000,    -32.017261
3.530000,    -32.095101
3.540000,    -32.172843
3.550000,    -32.250486
3.560000,    -32.328030
3.570000,    -32.405475
3.580000,    -32.482821
3.590000,    -32.560068
3.600000,    -32.637215
3.610000,    -32.714263
3.620000,    -32.791212
3.630000,    -32.868061
3.640000,    -32.944810
3.650000,    -33.021460
3.660000,    -33.098009
3.670000,    -33.174459
3.680000,    -33.250808
3.690000,    -33.327057
3.700000,    -33.403206
3.710000,    -33.479254
3.720000,    -33.555202
3.730000,    -33.631049
3.740000,    -33.706796
3.750000,    -33.782441
3.760000,    -33.857986
3.770000,    -33.933430
3.780000,    -34.008773
3.790000,    -34.084014
3.800000,    -34.159155
3.810000,    -34.234193
3.820000,    -34.309131
3.830000,    -34.383967
3.840000,    -34.458701
3.850000,    -34.533334
3.860000,    -34.607865
3.870000,    -34.682294
3.880000,    -34.756621
3.890000,    -34.830847
3.900000,    -34.904970
3.910000,    -34.978991
3.920000,    -35.052909
3.930000,    -35.126726
3.940000,    -35.200440
3.950000,    -35.274051
3.960000,    -35.347560
3.970000,    -35.420967
3.980000,    -35.494271
3.990000,    -35.567472
4.000000,    -35.640570
4.010000,    -35.713565
4.020000,    -35.786458
4.030000,    -35.859247
4.040000,    -35.931934
4.050000,    -36.004517
4.060000,    -36.076997
4.070000,    -36.149374
4.080000,    -36.221647
4.090000,    -36.293817
4.100000,    -36.365884
4.110000,    -36.437847
4.120000,    -36.509706
4.130000,    -36.581463
4.140000,    -36.653115
4.150000,    -36.724664
4.160000,    -36.796108
4.170000,    -36.867450
4.180000,    -36.938687
4.190000,    -37.009820
4.200000,    -37.080849
4.210000,    -37.151775
4.220000,    -37.222596
4.230000,    -37.293313
4.240000,    -37.363926
4.250000,    -37.434435
4.260000,    -37.504840
4.270000,    -37.575140
4.280000,    -37.645336
4.290000,    -37.715428
4.300000,    -37.785415
4.310000,    -37.855298
4.320000,    -37.925076
4.330000,    -37.994750
4.340000,    -38.064320
4.350000,    -38.133784
4.360000,    -38.203144
4.370000,    -38.272400
4.380000,    -38.341551
4.390000,    -38.410597
4.400000,    -38.479538
4.410000,    -38.548375
4.420000,    -38.617107
4.430000,    -38.685734
4.440000,    -38.754256
4.450000,    -38.822673
4.460000,    -38.890986
4.470000,    -38.959193
4.480000,    -39.027296
4.490000,    -39.095293
4.500000,    -39.163186
4.510000,    -39.230973
4.520000,    -39.298656
4.530000,    -39.366233
4.540000,    -39.433706
4.550000,    -39.501073
4.560000,    -39.568335
4.570000,    -39.635493
4.580000,    -39.702545
4.590000,    -39.769491
4.600000,    -39.836333
4.610000,    -39.903070
4.620000,    -39.969701
4.630000,    -40.036227
4.640000,    -40.102648
4.650000,    -40.168964
4.660000,    -40.235175
4.670000,    -40.301280
4.680000,    -40.367280
4.690000,    -40.433175
4.700000,    -40.498965
4.710000,    -40.564650
4.720000,    -40.630229
4.730000,    -40.695703
4.740000,    -40.761072
4.750000,    -40.826335
4.760000,    -40.891494
4.770000,    -40.956547
4.780000,    -41.021495
4.790000,    -41.086337
4.800000,    -41.151075
4.810000,    -41.215707
4.820000,    -41.280234
4.830000,    -41.344656
4.840000,    -41.408972
4.850000,    -41.473184
4.860000,    -41.537290
4.870000,    -41.601291
4.880000,    -41.665187
4.890000,    -41.728978
4.900000,    -41.792663
4.910000,    -41.856244
4.920000,    -41.919719
4.930000,    -41.983089
4.940000,    -42.046355
4.950000,    -42.109515
4.960000,    -42.172570
4.970000,    -42.235520
4.980000,    -42.298365
4.990000,    -42.361105
5.000000,    -42.423740
5.010000,    -42.486270
5.020000,    -42.548695
5.030000,    -42.611015
5.040000,    -42.673231
5.050000,    -42.735341
5.060000,    -42.797347
5.070000,    -42.859248
5.080000,    -42.921044
5.090000,    -42.982735
5.100000,    -43.044322
5.110000,    -43.105803
5.120000,    -43.167181
5.130000,    -43.228453
5.140000,    -43.289621
5.150000,    -43.350684
5.160000,    -43.411643
5.170000,    -43.472497
5.180000,    -43.533247
5.190000,    -43.593892
5.200000,    -43.654433
5.210000,    -43.714870
5.220000,    -43.775202
5.230000,    -43.835429
5.240000,    -43.895553
5.250000,    -43.955572
5.260000,    -44.015487
5.270000,    -44.075298
5.280000,    -44.135005
5.290000,    -44.194607
5.300000,    -44.254106
5.310000,    -44.313500
5.320000,    -44.372791
5.330000,    -44.431978
5.340000,    -44.491060
5.350000,    -44.550039
5.360000,    -44.608915
5.370000,    -44.667686
5.380000,    -44.726354
5.390000,    -44.784918
5.400000,    -44.843378
5.410000,    -44.901735
5.420000,    -44.959989
5.430000,    -45.018139
5.440000,    -45.076185
5.450000,    -45.134129
5.460000,    -45.191968
5.470000,    -45.249705
5.480000,    -45.307338
5.490000,    -45.364869
5.500000,    -45.422296
5.510000,    -45.479620
5.520000,    -45.536841
5.530000,    -45.593960
5.540000,    -45.650975
5.550000,    -45.707888
5.560000,    -45.764697
5.570000,    -45.821404
5.580000,    -45.878009
5.590000,    -45.934511
5.600000,    -45.990910
5.610000,    -46.047207
5.620000,    -46.103401
5.630000,    -46.159494
5.640000,    -46.215483
5.650000,    -46.271371
5.660000,    -46.327156
5.670000,    -46.382840
5.680000,    -46.438421
5.690000,    -46.493901
5.700000,    -46.549278
5.710000,    -46.604554
5.720000,    -46.659728
5.730000,    -46.714800
5.740000,    -46.769770
5.750000,    -46.824639
5.760000,    -46.879407
5.770000,    -46.934073
5.780000,    -46.988638
5.790000,    -47.043101
5.800000,    -47.097463
5.810000,    -47.151725
5.820000,    -47.205885
5.830000,    -47.259944
5.840000,    -47.313902
5.850000,    -47.367759
5.860000,    -47.421515
5.870000,    -47.475171
5.880000,    -47.528726
5.890000,    -47.582181
5.900000,    -47.635535
5.910000,    -47.688789
5.920000,    -47.741942
5.930000,    -47.794995
5.940000,    -47.847948
5.950000,    -47.900801
5.960000,    -47.953554
5.970000,    -48.006206
5.980000,    -48.058759
5.990000,    -48.111213
6.000000,    -48.163566
6.010000,    -48.215820
6.020000,    -48.267975
6.030000,    -48.320030
6.040000,    -48.371985
6.050000,    -48.423841
6.060000,    -48.475599
6.070000,    -48.527257
6.080000,    -48.578816
6.090000,    -48.630276
6.100000,    -48.681637
6.110000,    -48.732899
6.120000,    -48.784063
6.130000,    -48.835128
6.140000,    -48.886094
6.150000,    -48.936962
6.160000,    -48.987732
6.170000,    -49.038404
6.180000,    -49.088977
6.190000,    -49.139452
6.200000,    -49.189829
6.210000,    -49.240109
6.220000,    -49.290290
6.230000,    -49.340374
6.240000,    -49.390360
6.250000,    -49.440249
6.260000,    -49.490040
6.270000,    -49.539734
6.280000,    -49.589331
6.290000,    -49.638830
6.300000,    -49.688233
6.310000,    -49.737538
6.320000,    -49.786746
6.330000,    -49.835858
6.340000,    -49.884873
6.350000,    -49.933792
6.360000,    -49.982614
6.370000,    -50.031339
6.380000,    -50.079968
6.390000,    -50.128501
6.400000,    -50.176938
6.410000,    -50.225279
6.420000,    -50.273524
6.430000,    -50.321673
6.440000,    -50.369726
6.450000,    -50.417684
6.460000,    -50.465546
6.470000,    -50.513313
6.480000,    -50.560984
6.490000,    -50.608561
6.500000,    -50.656042
6.510000,    -50.703428
6.520000,    -50.750719
6.530000,    -50.797915
6.540000,    -50.845017
6.550000,    -50.892024
6.560000,    -50.938936
6.570000,    -50.985754
6.580000,    -51.032478
6.590000,    -51.079108
6.600000,    -51.125643
6.610000,    -51.172085
6.620000,    -51.218432
6.630000,    -51.264686
6.640000,    -51.310846
6.650000,    -51.356912
6.660000,    -51.402886
6.670000,    -51.448765
6.680000,    -51.494552
6.690000,    -51.540245
6.700000,    -51.585845
6.710000,    -51.631352
6.720000,    -51.676767
6.730000,    -51.722088
6.740000,    -51.767317
6.750000,    -51.812454
6.760000,    -51.857498
6.770000,    -51.902450
6.780000,    -51.947310
6.790000,    -51.992077
6.800000,    -52.036753
6.810000,    -52.081337
6.820000,    -52.125829
6.830000,    -52.170229
6.840000,    -52.214538
6.850000,    -52.258756
6.860000,    -52.302882
6.870000,    -52.346917
6.880000,    -52.390861
6.890000,    -52.434714
6.900000,    -52.478476
6.910000,    -52.522148
6.920000,    -52.565728
6.930000,    -52.609219
6.940000,    -52.652618
6.950000,    -52.695928
6.960000,    -52.739147
6.970000,    -52.782277
6.980000,    -52.825316
6.990000,    -52.868266
7.000000,    -52.911126
7.010000,    -52.953896
7.020000,    -52.996577
7.030000,    -53.039168
7.040000,    -53.081670
7.050000,    -53.124083
7.060000,    -53.166407
7.070000,    -53.208642
7.080000,    -53.250788
7.090000,    -53.292846
7.100000,    -53.334815
7.110000,    -53.376696
7.120000,    -53.418488
7.130000,    -53.460192
7.140000,    -53.501808
7.150000,    -53.543336
7.160000,    -53.584776
7.170000,    -53.626128
7.180000,    -53.667393
7.190000,    -53.708570
7.200000,    -53.749660
7.210000,    -53.790663
7.220000,    -53.831578
7.230000,    -53.872407
7.240000,    -53.913148
7.250000,    -53.953803
7.260000,    -53.994371
7.270000,    -54.034853
7.280000,    -54.075248
7.290000,    -54.115557
7.300000,    -54.155779
7.310000,    -54.195916
7.320000,    -54.235966
7.330000,    -54.275931
7.340000,    -54.315810
7.350000,    -54.355604
7.360000,    -54.395312
7.370000,    -54.434934
7.380000,    -54.474472
7.390000,    -54.513924
7.400000,    -54.553291
7.410000,    -54.592574
7.420000,    -54.631772
7.430000,    -54.670885
7.440000,    -54.709913
7.450000,    -54.748858
7.460000,    -54.787718
7.470000,    -54.826494
7.480000,    -54.865185
7.490000,    -54.903794
7.500000,    -54.942318
7.510000,    -54.980758
7.520000,    -55.019116
7.530000,    -55.057389
7.540000,    -55.095580
7.550000,    -55.133687
7.560000,    -55.171711
7.570000,    -55.209653
7.580000,    -55.247511
7.590000,    -55.285287
7.600000,    -55.322981
7.610000,    -55.360592
7.620000,    -55.398121
7.630000,    -55.435567
7.640000,    -55.472932
7.650000,    -55.510215
7.660000,    -55.547416
7.670000,    -55.584535
7.680000,    -55.621573
7.690000,    -55.658529
7.700000,    -55.695404
7.710000,    -55.732198
7.720000,    -55.768911
7.730000,    -55.805543
7.740000,    -55.842094
7.750000,    -55.878565
7.760000,    -55.914955
7.770000,    -55.951264
7.780000,    -55.987494
7.790000,    -56.023643
7.800000,    -56.059712
7.810000,    -56.095702
7.820000,    -56.131611
7.830000,    -56.167441
7.840000,    -56.203191
7.850000,    -56.238862
7.860000,    -56.274454
7.870000,    -56.309966
7.880000,    -56.345400
7.890000,    -56.380755
7.900000,    -56.416031
7.910000,    -56.451228
7.920000,    -56.486346
7.930000,    -56.521387
7.940000,    -56.556349
7.950000,    -56.591233
7.960000,    -56.626039
7.970000,    -56.660767
7.980000,    -56.695417
7.990000,    -56.729990
8.000000,    -56.764485
8.010000,    -56.798903
8.020000,    -56.833243
8.030000,    -56.867507
8.040000,    -56.901693
8.050000,    -56.935803
8.060000,    -56.969835
8.070000,    -57.003792
8.080000,    -57.037671
8.090000,    -57.071475
8.100000,    -57.105202
8.110000,    -57.138853
8.120000,    -57.172428
8.130000,    -57.205927
8.140000,    -57.239350
8.150000,    -57.272698
8.160000,    -57.305971
8.170000,    -57.339168
8.180000,    -57.372290
8.190000,    -57.405336
8.200000,    -57.438308
8.210000,    -57.471205
8.220000,    -57.504027
8.230000,    -57.536775
8.240000,    -57.569448
8.250000,    -57.602047
8.260000,    -57.634572
8.270000,    -57.667022
8.280000,    -57.699399
8.290000,    -57.731702
8.300000,    -57.763931
8.310000,    -57.796086
8.320000,    -57.828168
8.330000,    -57.860177
8.340000,    -57.892113
8.350000,    -57.923975
8.360000,    -57.955765
8.370000,    -57.987482
8.380000,    -58.019126
8.390000,    -58.050698
8.400000,    -58.082197
8.410000,    -58.113624
8.420000,    -58.144978
8.430000,    -58.176261
8.440000,    -58.207472
8.450000,    -58.238611
8.460000,    -58.269678
8.470000,    -58.300674
8.480000,    -58.331598
8.490000,    -58.362451
8.500000,    -58.393233
8.510000,    -58.423944
8.520000,    -58.454584
8.530000,    -58.485153
8.540000,    -58.515652
8.550000,    -58.546080
8.560000,    -58.576437
8.570000,    -58.606725
8.580000,    -58.636942
8.590000,    -58.667089
8.600000,    -58.697166
8.610000,    -58.727174
8.620000,    -58.757112
8.630000,    -58.786980
8.640000,    -58.816779
8.650000,    -58.846509
8.660000,    -58.876170
8.670000,    -58.905761
8.680000,    -58.935284
8.690000,    -58.964738
8.700000,    -58.994123
8.710000,    -59.023440
8.720000,    -59.052689
8.730000,    -59.081869
8.740000,    -59.110981
8.750000,    -59.140025
8.760000,    -59.169001
8.770000,    -59.197909
8.780000,    -59.226750
8.790000,    -59.255524
8.800000,    -59.284229
8.810000,    -59.312868
8.820000,    -59.341440
8.830000,    -59.369944
8.840000,    -59.398382
8.850000,    -59.426753
8.860000,    -59.455057
8.870000,    -59.483295
8.880000,    -59.511466
8.890000,    -59.539571
8.900000,    -59.567610
8.910000,    -59.595583
8.920000,    -59.623491
8.930000,    -59.651332
8.940000,    -59.679108
8.950000,    -59.706818
8.960000,    -59.734463
8.970000,    -59.762043
8.980000,    -59.789557
8.990000,    -59.817006
9.000000,    -59.844391
9.010000,    -59.871711
9.020000,    -59.898966
9.030000,    -59.926157
9.040000,    -59.953283
9.050000,    -59.980345
9.060000,    -60.007343
9.070000,    -60.034277
9.080000,    -60.061147
9.090000,    -60.087953
9.100000,    -60.114695
9.110000,    -60.141374
9.120000,    -60.167990
9.130000,    -60.194542
9.140000,    -60.221031
9.150000,    -60.247457
9.160000,    -60.273821
9.170000,    -60.300121
9.180000,    -60.326359
9.190000,    -60.352534
9.200000,    -60.378647
9.210000,    -60.404697
9.220000,    -60.430685
9.230000,    -60.456611
9.240000,    -60.482476
9.250000,    -60.508278
9.260000,    -60.534019
9.270000,    -60.559698
9.280000,    -60.585315
9.290000,    -60.610872
9.300000,    -60.636367
9.310000,    -60.661801
9.320000,    -60.687174
9.330000,    -60.712486
9.340000,    -60.737738
9.350000,    -60.762929
9.360000,    -60.788059
9.370000,    -60.813129
9.380000,    -60.838139
9.390000,    -60.863088
9.400000,    -60.887978
9.410000,    -60.912808
9.420000,    -60.937578
9.430000,    -60.962288
9.440000,    -60.986939
9.450000,    -61.011530
9.460000,    -61.036062
9.470000,    -61.060535
9.480000,    -61.084949
9.490000,    -61.109304
9.500000,    -61.133600
9.510000,    -61.157837
9.520000,    -61.182016
9.530000,    -61.206136
9.540000,    -61.230198
9.550000,    -61.254202
9.560000,    -61.278148
9.570000,    -61.302035
9.580000,    -61.325865
9.590000,    -61.349637
9.600000,    -61.373352
9.610000,    -61.397009
9.620000,    -61.420608
9.630000,    -61.444150
9.640000,    -61.467635
9.650000,    -61.491063
9.660000,    -61.514435
9.670000,    -61.537749
9.680000,    -61.561006
9.690000,    -61.584207
9.700000,    -61.607352
9.710000,    -61.630440
9.720000,    -61.653472
9.730000,    -61.676448
9.740000,    -61.699368
9.750000,    -61.722231
9.760000,    -61.745040
9.770000,    -61.767792
9.780000,    -61.790489
9.790000,    -61.813131
9.800000,    -61.835717
9.810000,    -61.858248
9.820000,    -61.880724
9.830000,    -61.903145
9.840000,    -61.925511
9.850000,    -61.947822
9.860000,    -61.970079
9.870000,    -61.992281
9.880000,    -62.014429
9.890000,    -62.036523
9.900000,    -62.058562
9.910000,    -62.080548
9.920000,    -62.102479
9.930000,    -62.124357
9.940000,    -62.146180
9.950000,    -62.167951
9.960000,    -62.189668
9.970000,    -62.211331
9.980000,    -62.232941
9.990000,    -62.254498
10.000000,    -62.276002
10.010000,    -62.297453
10.020000,    -62.318851
10.030000,    -62.340197
10.040000,    -62.361490
10.050000,    -62.382730
10.060000,    -62.403918
10.070000,    -62.425054
10.080000,    -62.446138
10.090000,    -62.467170
10.100000,    -62.488149
10.110000,    -62.509077
10.120000,    -62.529954
10.130000,    -62.550778
10.140000,    -62.571552
10.150000,    -62.592273
10.160000,    -62.612944
10.170000,    -62.633563
10.180000,    -62.654132
10.190000,    -62.674649
10.200000,    -62.695116
10.210000,    -62.715532
10.220000,    -62.735897
10.230000,    -62.756212
10.240000,    -62.776476
10.250000,    -62.796690
10.260000,    -62.816854
10.270000,    -62.836968
10.280000,    -62.857032
10.290000,    -62.877046
10.300000,    -62.897011
10.310000,    -62.916925
10.320000,    -62.936791
10.330000,    -62.956606
10.340000,    -62.976373
10.350000,    -62.996090
10.360000,    -63.015759
10.370000,    -63.035378
10.380000,    -63.054948
10.390000,    -63.074470
10.400000,    -63.093943
10.410000,    -63.113367
10.420000,    -63.132743
10.430000,    -63.152071
10.440000,    -63.171350
10.450000,    -63.190581
10.460000,    -63.209765
10.470000,    -63.228900
10.480000,    -63.247987
10.490000,    -63.267027
10.500000,    -63.286019
10.510000,    -63.304964
10.520000,    -63.323861
10.530000,    -63.342711
10.540000,    -63.361514
10.550000,    -63.380269
10.560000,    -63.398978
10.570000,    -63.417640
10.580000,    -63.436255
10.590000,    -63.454823
10.600000,    -63.473345
10.610000,    -63.491821
10.620000,    -63.510250
10.630000,    -63.528632
10.640000,    -63.546969
10.650000,    -63.565259
10.660000,    -63.583504
10.670000,    -63.601703
10.680000,    -63.619856
10.690000,    -63.637963
10.700000,    -63.656025
10.710000,    -63.674041
10.720000,    -63.692012
10.730000,    -63.709938
10.740000,    -63.727819
10.750000,    -63.745654
10.760000,    -63.763445
10.770000,    -63.781191
10.780000,    -63.798892
10.790000,    -63.816549
10.800000,    -63.834161
10.810000,    -63.851728
10.820000,    -63.869251
10.830000,    -63.886730
10.840000,    -63.904165
10.850000,    -63.921556
10.860000,    -63.938903
10.870000,    -63.956206
10.880000,    -63.973465
10.890000,    -63.990681
10.900000,    -64.007853
10.910000,    -64.024981
10.920000,    -64.042067
10.930000,    -64.059109
10.940000,    -64.076108
10.950000,    -64.093064
10.960000,    -64.109977
10.970000,    -64.126847
10.980000,    -64.143674
10.990000,    -64.160459
11.000000,    -64.177201
11.010000,    -64.193900
11.020000,    -64.210558
11.030000,    -64.227173
11.040000,    -64.243746
11.050000,    -64.260276
11.060000,    -64.276765
11.070000,    -64.293212
11.080000,    -64.309617
11.090000,    -64.325981
11.100000,    -64.342302
11.110000,    -64.358583
11.120000,    -64.374821
11.130000,    -64.391019
11.140000,    -64.407175
11.150000,    -64.423291
11.160000,    -64.439365
11.170000,    -64.455398
11.180000,    -64.471390
11.190000,    -64.487342
11.200000,    -64.503253
11.210000,    -64.519124
11.220000,    -64.534954
11.230000,    -64.550743
11.240000,    -64.566492
11.250000,    -64.582202
11.260000,    -64.597871
11.270000,    -64.613500
11.280000,    -64.629089
11.290000,    -64.644638
11.300000,    -64.660148
11.310000,    -64.675617
11.320000,    -64.691048
11.330000,    -64.706439
11.340000,    -64.721790
11.350000,    -64.737103
11.360000,    -64.752376
11.370000,    -64.767610
11.380000,    -64.782805
11.390000,    -64.797961
11.400000,    -64.813078
11.410000,    -64.828157
11.420000,    -64.843197
11.430000,    -64.858198
11.440000,    -64.873161
11.450000,    -64.888086
11.460000,    -64.902972
11.470000,    -64.917820
11.480000,    -64.932630
11.490000,    -64.947403
11.500000,    -64.962137
11.510000,    -64.976833
11.520000,    -64.991492
11.530000,    -65.006112
11.540000,    -65.020696
11.550000,    -65.035242
11.560000,    -65.049750
11.570000,    -65.064221
11.580000,    -65.078655
11.590000,    -65.093052
11.600000,    -65.107412
11.610000,    -65.121735
11.620000,    -65.136021
11.630000,    -65.150270
11.640000,    -65.164482
11.650000,    -65.178658
11.660000,    -65.192798
11.670000,    -65.206901
11.680000,    -65.220967
11.690000,    -65.234998
11.700000,    -65.248992
11.710000,    -65.262950
11.720000,    -65.276872
11.730000,    -65.290758
11.740000,    -65.304609
11.750000,    -65.318423
11.760000,    -65.332202
11.770000,    -65.345945
11.780000,    -65.359653
11.790000,    -65.373326
11.800000,    -65.386963
11.810000,    -65.400565
11.820000,    -65.414131
11.830000,    -65.427663
11.840000,    -65.441160
11.850000,    -65.454621
11.860000,    -65.468048
11.870000,    -65.481441
11.880000,    -65.494798
11.890000,    -65.508121
11.900000,    -65.521409
11.910000,    -65.534663
11.920000,    -65.547883
11.930000,    -65.561069
11.940000,    -65.574220
11.950000,    -65.587337
11.960000,    -65.600420
11.970000,    -65.613470
11.980000,    -65.626485
11.990000,    -65.639467
12.000000,    -65.652415
12.010000,    -65.665329
12.020000,    -65.678210
12.030000,    -65.691057
12.040000,    -65.703872
12.050000,    -65.716652
12.060000,    -65.729400
12.070000,    -65.742115
12.080000,    -65.754796
12.090000,    -65.767445
12.100000,    -65.780060
12.110000,    -65.792643
12.120000,    -65.805193
12.130000,    -65.817711
12.140000,    -65.830196
12.150000,    -65.842648
12.160000,    -65.855068
12.170000,    -65.867456
12.180000,    -65.879811
12.190000,    -65.892134
12.200000,    -65.904426
12.210000,    -65.916685
12.220000,    -65.928912
12.230000,    -65.941107
12.240000,    -65.953271
12.250000,    -65.965403
12.260000,    -65.977503
12.270000,    -65.989572
12.280000,    -66.001609
12.290000,    -66.013615
12.300000,    -66.025589
12.310000,    -66.037533
12.320000,    -66.049445
12.330000,    -66.061326
12.340000,    -66.073176
12.350000,    -66.084995
12.360000,    -66.096783
12.370000,    -66.108540
12.380000,    -66.120267
12.390000,    -66.131963
12.400000,    -66.143628
12.410000,    -66.155263
12.420000,    -66.166868
12.430000,    -66.178442
12.440000,    -66.189986
12.450000,    -66.201499
12.460000,    -66.212983
12.470000,    -66.224436
12.480000,    -66.235860
12.490000,    -66.247253
12.500000,    -66.258617
12.510000,    -66.269951
12.520000,    -66.281256
12.530000,    -66.292530
12.540000,    -66.303775
12.550000,    -66.314991
12.560000,    -66.326177
12.570000,    -66.337334
12.580000,    -66.348462
12.590000,    -66.359561
12.600000,    -66.370630
12.610000,    -66.381671
12.620000,    -66.392682
12.630000,    -66.403665
12.640000,    -66.414618
12.650000,    -66.425543
12.660000,    -66.436440
12.670000,    -66.447307
12.680000,    -66.458146
12.690000,    -66.468957
12.700000,    -66.479739
12.710000,    -66.490493
12.720000,    -66.501219
12.730000,    -66.511916
12.740000,    -66.522586
12.750000,    -66.533227
12.760000,    -66.543840
12.770000,    -66.554426
12.780000,    -66.564983
12.790000,    -66.575513
12.800000,    -66.586015
12.810000,    -66.596490
12.820000,    -66.606937
12.830000,    -66.617356
12.840000,    -66.627748
12.850000,    -66.638112
12.860000,    -66.648450
12.870000,    -66.658760
12.880000,    -66.669043
12.890000,    -66.679298
12.900000,    -66.689527
12.910000,    -66.699729
12.920000,    -66.709904
12.930000,    -66.720052
12.940000,    -66.730173
12.950000,    -66.740268
12.960000,    -66.750336
12.970000,    -66.760377
12.980000,    -66.770392
12.990000,    -66.780381
13.000000,    -66.790343
13.010000,    -66.800279
13.020000,    -66.810188
13.030000,    -66.820072
13.040000,    -66.829929
13.050000,    -66.839760
13.060000,    -66.849566
13.070000,    -66.859345
13.080000,    -66.869099
13.090000,    -66.878827
13.100000,    -66.888529
13.110000,    -66.898205
13.120000,    -66.907856
13.130000,    -66.917481
13.140000,    -66.927081
13.150000,    -66.936656
13.160000,    -66.946205
13.170000,    -66.955729
13.180000,    -66.965227
13.190000,    -66.974701
13.200000,    -66.984149
13.210000,    -66.993573
13.220000,    -67.002971
13.230000,    -67.012345
13.240000,    -67.021694
13.250000,    -67.031018
13.260000,    -67.040317
13.270000,    -67.049592
13.280000,    -67.058842
13.290000,    -67.068067
13.300000,    -67.077268
13.310000,    -67.086445
13.320000,    -67.095597
13.330000,    -67.104726
13.340000,    -67.113829
13.350000,    -67.122909
13.360000,    -67.131965
13.370000,    -67.140996
13.380000,    -67.150004
13.390000,    -67.158988
13.400000,    -67.167948
13.410000,    -67.176884
13.420000,    -67.185796
13.430000,    -67.194685
13.440000,    -67.203550
13.450000,    -67.212392
13.460000,    -67.221210
13.470000,    -67.230005
13.480000,    -67.238776
13.490000,    -67.247524
13.500000,    -67.256249
13.510000,    -67.264950
13.520000,    -67.273629
13.530000,    -67.282284
13.540000,    -67.290916
13.550000,    -67.299526
13.560000,    -67.308112
13.570000,    -67.316676
13.580000,    -67.325216
13.590000,    -67.333735
13.600000,    -67.342230
13.610000,    -67.350703
13.620000,    -67.359153
13.630000,    -67.367581
13.640000,    -67.375986
13.650000,    -67.384369
13.660000,    -67.392730
13.670000,    -67.401068
13.680000,    -67.409384
13.690000,    -67.417678
13.700000,    -67.425950
13.710000,    -67.434200
13.720000,    -67.442428
13.730000,    -67.450634
13.740000,    -67.458818
13.750000,    -67.466980
13.760000,    -67.475120
13.770000,    -67.483239
13.780000,    -67.491336
13.790000,    -67.499412
13.800000,    -67.507466
13.810000,    -67.515498
13.820000,    -67.523509
13.830000,    -67.531499
13.840000,    -67.539467
13.850000,    -67.547414
13.860000,    -67.555340
13.870000,    -67.563245
13.880000,    -67.571128
13.890000,    -67.578991
13.900000,    -67.586832
13.910000,    -67.594653
13.920000,    -67.602452
13.930000,    -67.610231
13.940000,    -67.617989
13.950000,    -67.625726
13.960000,    -67.633443
13.970000,    -67.641139
13.980000,    -67.648814
13.990000,    -67.656469
14.000000,    -67.664104
14.010000,    -67.671718
14.020000,    -67.679311
14.030000,    -67.686885
14.040000,    -67.694438
14.050000,    -67.701971
14.060000,    -67.709483
14.070000,    -67.716976
14.080000,    -67.724448
14.090000,    -67.731901
14.100000,    -67.739334
14.110000,    -67.746746
14.120000,    -67.754139
14.130000,    -67.761512
14.140000,    -67.768865
14.150000,    -67.776199
14.160000,    -67.783513
14.170000,    -67.790807
14.180000,    -67.798082
14.190000,    -67.805337
14.200000,    -67.812573
14.210000,    -67.819790
14.220000,    -67.826987
14.230000,    -67.834165
14.240000,    -67.841323
14.250000,    -67.848463
14.260000,    -67.855583
14.270000,    -67.862684
14.280000,    -67.869766
14.290000,    -67.876829
14.300000,    -67.883873
14.310000,    -67.890899
14.320000,    -67.897905
14.330000,    -67.904893
14.340000,    -67.911861
14.350000,    -67.918812
14.360000,    -67.925743
14.370000,    -67.932656
14.380000,    -67.939550
14.390000,    -67.946426
14.400000,    -67.953283
14.410000,    -67.960122
14.420000,    -67.966943
14.430000,    -67.973745
14.440000,    -67.980529
14.450000,    -67.987295
14.460000,    -67.994042
14.470000,    -68.000772
14.480000,    -68.007483
14.490000,    -68.014176
14.500000,    -68.020852
14.510000,    -68.027509
14.520000,    -68.034148
14.530000,    -68.040770
14.540000,    -68.047374
14.550000,    -68.053960
14.560000,    -68.060528
14.570000,    -68.067079
14.580000,    -68.073612
14.590000,    -68.080127
14.600000,    -68.086625
14.610000,    -68.093105
14.620000,    -68.099568
14.630000,    -68.106014
14.640000,    -68.112442
14.650000,    -68.118853
14.660000,    -68.125247
14.670000,    -68.131623
14.680000,    -68.137982
14.690000,    -68.144325
14.700000,    -68.150650
14.710000,    -68.156958
14.720000,    -68.163249
14.730000,    -68.169523
14.740000,    -68.175780
14.750000,    -68.182020
14.760000,    -68.188244
14.770000,    -68.194450
14.780000,    -68.200640
14.790000,    -68.206814
14.800000,    -68.212970
14.810000,    -68.219110
14.820000,    -68.225234
14.830000,    -68.231341
14.840000,    -68.237431
14.850000,    -68.243506
14.860000,    -68.249563
14.870000,    -68.255605
14.880000,    -68.261630
14.890000,    -68.267639
14.900000,    -68.273631
14.910000,    -68.279608
14.920000,    -68.285568
14.930000,    -68.291512
14.940000,    -68.297440
14.950000,    -68.303352
14.960000,    -68.309249
14.970000,    -68.315129
14.980000,    -68.320993
14.990000,    -68.326842
15.000000,    -68.332675
15.010000,    -68.338492
15.020000,    -68.344293
15.030000,    -68.350079
15.040000,    -68.355849
15.050000,    -68.361603
15.060000,    -68.367342
15.070000,    -68.373065
15.080000,    -68.378773
15.090000,    -68.384466
15.100000,    -68.390143
15.110000,    -68.395805
15.120000,    -68.401451
15.130000,    -68.407082
15.140000,    -68.412698
15.150000,    -68.418299
15.160000,    -68.423885
15.170000,    -68.429455
15.180000,    -68.435010
15.190000,    -68.440551
15.200000,    -68.446076
15.210000,    -68.451587
15.220000,    -68.457082
15.230000,    -68.462563
15.240000,    -68.468029
15.250000,    -68.473480
15.260000,    -68.478916
15.270000,    -68.484338
15.280000,    -68.489745
15.290000,    -68.495137
15.300000,    -68.500515
15.310000,    -68.505878
15.320000,    -68.511227
15.330000,    -68.516561
15.340000,    -68.521880
15.350000,    -68.527186
15.360000,    -68.532477
15.370000,    -68.537753
15.380000,    -68.543015
15.390000,    -68.548263
15.400000,    -68.553497
15.410000,    -68.558717
15.420000,    -68.563922
15.430000,    -68.569114
15.440000,    -68.574291
15.450000,    -68.579454
15.460000,    -68.584604
15.470000,    -68.589739
15.480000,    -68.594860
15.490000,    -68.599968
15.500000,    -68.605061
15.510000,    -68.610141
15.520000,    -68.615207
15.530000,    -68.620260
15.540000,    -68.625298
15.550000,    -68.630323
15.560000,    -68.635335
15.570000,    -68.640332
15.580000,    -68.645317
15.590000,    -68.650287
15.600000,    -68.655244
15.610000,    -68.660188
15.620000,    -68.665118
15.630000,    -68.670035
15.640000,    -68.674939
15.650000,    -68.679829
15.660000,    -68.684706
15.670000,    -68.689570
15.680000,    -68.694420
15.690000,    -68.699258
15.700000,    -68.704082
15.710000,    -68.708893
15.720000,    -68.713691
15.730000,    -68.718476
15.740000,    -68.723248
15.750000,    -68.728007
15.760000,    -68.732753
15.770000,    -68.737487
15.780000,    -68.742207
15.790000,    -68.746915
15.800000,    -68.751609
15.810000,    -68.756291
15.820000,    -68.760961
15.830000,    -68.765617
15.840000,    -68.770261
15.850000,    -68.774893
15.860000,    -68.779511
15.870000,    -68.784118
15.880000,    -68.788711
15.890000,    -68.793292
15.900000,    -68.797861
15.910000,    -68.802417
15.920000,    -68.806961
15.930000,    -68.811493
15.940000,    -68.816012
15.950000,    -68.820519
15.960000,    -68.825014
15.970000,    -68.829496
15.980000,    -68.833966
15.990000,    -68.838424
16.000000,    -68.842870
16.010000,    -68.847304
16.020000,    -68.851726
16.030000,    -68.856136
16.040000,    -68.860533
16.050000,    -68.864919
16.060000,    -68.869293
16.070000,    -68.873655
16.080000,    -68.878005
16.090000,    -68.882343
16.100000,    -68.886670
16.110000,    -68.890984
16.120000,    -68.895287
16.130000,    -68.899578
16.140000,    -68.903858
16.150000,    -68.908126
16.160000,    -68.912382
16.170000,    -68.916626
16.180000,    -68.920859
16.190000,    -68.925081
16.200000,    -68.929291
16.210000,    -68.933490
16.220000,    -68.937677
16.230000,    -68.941852
16.240000,    -68.946017
16.250000,    -68.950170
16.260000,    -68.954311
16.270000,    -68.958442
16.280000,    -68.962561
16.290000,    -68.966669
16.300000,    -68.970765
16.310000,    -68.974851
16.320000,    -68.978925
16.330000,    -68.982988
16.340000,    -68.987040
16.350000,    -68.991082
16.360000,    -68.995112
16.370000,    -68.999131
16.380000,    -69.003139
16.390000,    -69.007136
16.400000,    -69.011123
16.410000,    -69.015098
16.420000,    -69.019063
16.430000,    -69.023016
16.440000,    -69.026959
16.450000,    -69.030892
16.460000,    -69.034813
16.470000,    -69.038724
16.480000,    -69.042624
16.490000,    -69.046514
16.500000,    -69.050392
16.510000,    -69.054261
16.520000,    -69.058119
16.530000,    -69.061966
16.540000,    -69.065802
16.550000,    -69.069629
16.560000,    -69.073444
16.570000,    -69.077250
16.580000,    -69.081045
16.590000,    -69.084829
16.600000,    -69.088604
16.610000,    -69.092368
16.620000,    -69.096121
16.630000,    -69.099865
16.640000,    -69.103598
16.650000,    -69.107321
16.660000,    -69.111034
16.670000,    -69.114737
16.680000,    -69.118429
16.690000,    -69.122112
16.700000,    -69.125784
16.710000,    -69.129447
16.720000,    -69.133099
16.730000,    -69.136741
16.740000,    -69.140374
16.750000,    -69.143996
16.760000,    -69.147609
16.770000,    -69.151212
16.780000,    -69.154805
16.790000,    -69.158388
16.800000,    -69.161961
16.810000,    -69.165525
16.820000,    -69.169079
16.830000,    -69.172623
16.840000,    -69.176157
16.850000,    -69.179682
16.860000,    -69.183197
16.870000,    -69.186702
16.880000,    -69.190198
16.890000,    -69.193685
16.900000,    -69.197161
16.910000,    -69.200629
16.920000,    -69.204086
16.930000,    -69.207535
16.940000,    -69.210974
16.950000,    -69.214403
16.960000,    -69.217823
16.970000,    -69.221234
16.980000,    -69.224635
16.990000,    -69.228028
17.000000,    -69.231410
17.010000,    -69.234784
17.020000,    -69.238148
17.030000,    -69.241504
17.040000,    -69.244850
17.050000,    -69.248186
17.060000,    -69.251514
17.070000,    -69.254833
17.080000,    -69.258142
17.090000,    -69.261442
17.100000,    -69.264734
17.110000,    -69.268016
17.120000,    -69.271290
17.130000,    -69.274554
17.140000,    -69.277810
17.150000,    -69.281056
17.160000,    -69.284294
17.170000,    -69.287523
17.180000,    -69.290743
17.190000,    -69.293954
17.200000,    -69.297156
17.210000,    -69.300350
17.220000,    -69.303534
17.230000,    -69.306711
17.240000,    -69.309878
17.250000,    -69.313037
17.260000,    -69.316187
17.270000,    -69.319328
17.280000,    -69.322461
17.290000,    -69.325585
17.300000,    -69.328701
17.310000,    -69.331808
17.320000,    -69.334907
17.330000,    -69.337997
17.340000,    -69.341079
17.350000,    -69.344152
17.360000,    -69.347217
17.370000,    -69.350273
17.380000,    -69.353321
17.390000,    -69.356361
17.400000,    -69.359392
17.410000,    -69.362415
17.420000,    -69.365430
17.430000,    -69.368437
17.440000,    -69.371435
17.450000,    -69.374425
17.460000,    -69.377407
17.470000,    -69.380380
17.480000,    -69.383346
17.490000,    -69.386303
17.500000,    -69.389252
17.510000,    -69.392194
17.520000,    -69.395127
17.530000,    -69.398052
17.540000,    -69.400969
17.550000,    -69.403878
17.560000,    -69.406779
17.570000,    -69.409672
17.580000,    -69.412557
17.590000,    -69.415434
17.600000,    -69.418304
17.610000,    -69.421165
17.620000,    -69.424019
17.630000,    -69.426864
17.640000,    -69.429702
17.650000,    -69.432533
17.660000,    -69.435355
17.670000,    -69.438170
17.680000,    -69.440977
17.690000,    -69.443776
17.700000,    -69.446567
17.710000,    -69.449351
17.720000,    -69.452127
17.730000,    -69.454896
17.740000,    -69.457657
17.750000,    -69.460411
17.760000,    -69.463156
17.770000,    -69.465895
17.780000,    -69.468626
17.790000,    -69.471349
17.800000,    -69.474065
17.810000,    -69.476773
17.820000,    -69.479474
17.830000,    -69.482168
17.840000,    -69.484854
17.850000,    -69.487533
17.860000,    -69.490204
17.870000,    -69.492868
17.880000,    -69.495525
17.890000,    -69.498174
17.900000,    -69.500816
17.910000,    -69.503451
17.920000,    -69.506079
17.930000,    -69.508700
17.940000,    -69.511313
17.950000,    -69.513919
17.960000,    -69.516518
17.970000,    -69.519110
17.980000,    -69.521694
17.990000,    -69.524272
18.000000,    -69.526842
18.010000,    -69.529406
18.020000,    -69.531962
18.030000,    -69.534511
18.040000,    -69.537054
18.050000,    -69.539589
18.060000,    -69.542117
18.070000,    -69.544639
18.080000,    -69.547153
18.090000,    -69.549661
18.100000,    -69.552162
18.110000,    -69.554655
18.120000,    -69.557142
18.130000,    -69.559622
18.140000,    -69.562096
18.150000,    -69.564562
18.160000,    -69.567022
18.170000,    -69.569475
18.180000,    -69.571921
18.190000,    -69.574361
18.200000,    -69.576793
18.210000,    -69.579219
18.220000,    -69.581639
18.230000,    -69.584052
18.240000,    -69.586458
18.250000,    -69.588857
18.260000,    -69.591250
18.270000,    -69.593637
18.280000,    -69.596016
18.290000,    -69.598389
18.300000,    -69.600756
18.310000,    -69.603116
18.320000,    -69.605470
18.330000,    -69.607817
18.340000,    -69.610158
18.350000,    -69.612492
18.360000,    -69.614820
18.370000,    -69.617142
18.380000,    -69.619457
18.390000,    -69.621765
18.400000,    -69.624068
18.410000,    -69.626364
18.420000,    -69.628653
18.430000,    -69.630937
18.440000,    -69.633214
18.450000,    -69.635485
18.460000,    -69.637749
18.470000,    -69.640008
18.480000,    -69.642260
18.490000,    -69.644506
18.500000,    -69.646746
18.510000,    -69.648979
18.520000,    -69.651207
18.530000,    -69.653428
18.540000,    -69.655643
18.550000,    -69.657852
18.560000,    -69.660055
18.570000,    -69.662252
18.580000,    -69.664443
18.590000,    -69.666628
18.600000,    -69.668807
18.610000,    -69.670980
18.620000,    -69.673147
18.630000,    -69.675308
18.640000,    -69.677463
18.650000,    -69.679612
18.660000,    -69.681755
18.670000,    -69.683892
18.680000,    -69.686023
18.690000,    -69.688149
18.700000,    -69.690268
18.710000,    -69.692382
18.720000,    -69.694490
18.730000,    -69.696592
18.740000,    -69.698689
18.750000,    -69.700779
18.760000,    -69.702864
18.770000,    -69.704943
18.780000,    -69.707016
18.790000,    -69.709084
18.800000,    -69.711146
18.810000,    -69.713202
18.820000,    -69.715253
18.830000,    -69.717297
18.840000,    -69.719337
18.850000,    -69.721370
18.860000,    -69.723398
18.870000,    -69.725421
18.880000,    -69.727438
18.890000,    -69.729449
18.900000,    -69.731455
18.910000,    -69.733455
18.920000,    -69.735450
18.930000,    -69.737439
18.940000,    -69.739423
18.950000,    -69.741401
18.960000,    -69.743374
18.970000,    -69.745342
18.980000,    -69.747304
18.990000,    -69.749260
19.000000,    -69.751211
19.010000,    -69.753157
19.020000,    -69.755098
19.030000,    -69.757033
19.040000,    -69.758962
19.050000,    -69.760887
19.060000,    -69.762806
19.070000,    -69.764720
19.080000,    -69.766628
19.090000,    -69.768532
19.100000,    -69.770430
19.110000,    -69.772323
19.120000,    -69.774210
19.130000,    -69.776092
19.140000,    -69.777970
19.150000,    -69.779842
19.160000,    -69.781709
19.170000,    -69.783570
19.180000,    -69.785427
19.190000,    -69.787278
19.200000,    -69.789125
19.210000,    -69.790966
19.220000,    -69.792802
19.230000,    -69.794633
19.240000,    -69.796459
19.250000,    -69.798280
19.260000,    -69.800096
19.270000,    -69.801907
19.280000,    -69.803713
19.290000,    -69.805514
19.300000,    -69.807310
19.310000,    -69.809101
19.320000,    -69.810887
19.330000,    -69.812669
19.340000,    -69.814445
19.350000,    -69.816216
19.360000,    -69.817983
19.370000,    -69.819744
19.380000,    -69.821501
19.390000,    -69.823253
19.400000,    -69.825000
19.410000,    -69.826742
19.420000,    -69.828480
19.430000,    -69.830212
19.440000,    -69.831940
19.450000,    -69.833663
19.460000,    -69.835382
19.470000,    -69.837095
19.480000,    -69.838804
19.490000,    -69.840508
19.500000,    -69.842208
19.510000,    -69.843903
19.520000,    -69.845593
19.530000,    -69.847278
19.540000,    -69.848959
19.550000,    -69.850635
19.560000,    -69.852306
19.570000,    -69.853973
19.580000,    -69.855636
19.590000,    -69.857293
19.600000,    -69.858946
19.610000,    -69.860595
19.620000,    -69.862239
19.630000,    -69.863878
19.640000,    -69.865513
19.650000,    -69.867144
19.660000,    -69.868770
19.670000,    -69.870391
19.680000,    -69.872008
19.690000,    -69.873620
19.700000,    -69.875228
19.710000,    -69.876832
19.720000,    -69.878431
19.730000,    -69.880026
19.740000,    -69.881616
19.750000,    -69.883202
19.760000,    -69.884784
19.770000,    -69.886361
19.780000,    -69.887934
19.790000,    -69.889502
19.800000,    -69.891066
19.810000,    -69.892626
19.820000,    -69.894182
19.830000,    -69.895733
19.840000,    -69.897280
19.850000,    -69.898822
19.860000,    -69.900361
19.870000,    -69.901895
19.880000,    -69.903425
19.890000,    -69.904951
19.900000,    -69.906472
19.910000,    -69.907989
19.920000,    -69.909502
19.930000,    -69.911011
19.940000,    -69.912516
19.950000,    -69.914017
19.960000,    -69.915513
19.970000,    -69.917005
19.980000,    -69.918493
19.990000,    -69.919977
20.000000,    -69.921457
20.010000,    -69.922933
20.020000,    -69.924405
20.030000,    -69.925873
20.040000,    -69.927336
20.050000,    -69.928796
20.060000,    -69.930252
20.070000,    -69.931703
20.080000,    -69.933151
20.090000,    -69.934594
20.100000,    -69.936034
20.110000,    -69.937469
20.120000,    -69.938901
20.130000,    -69.940329
20.140000,    -69.941752
20.150000,    -69.943172
20.160000,    -69.944588
20.170000,    -69.946000
20.180000,    -69.947408
20.190000,    -69.948812
20.200000,    -69.950212
20.210000,    -69.951608
20.220000,    -69.953001
20.230000,    -69.954390
20.240000,    -69.955774
20.250000,    -69.957155
20.260000,    -69.958533
20.270000,    -69.959906
20.280000,    -69.961275
20.290000,    -69.962641
20.300000,    -69.964003
20.310000,    -69.965361
20.320000,    -69.966716
20.330000,    -69.968067
20.340000,    -69.969414
20.350000,    -69.970757
20.360000,    -69.972096
20.370000,    -69.973432
20.380000,    -69.974764
20.390000,    -69.976093
20.400000,    -69.977418
20.410000,    -69.978739
20.420000,    -69.980056
20.430000,    -69.981370
20.440000,    -69.982680
20.450000,    -69.983987
20.460000,    -69.985290
20.470000,    -69.986589
20.480000,    -69.987885
20.490000,    -69.989177
20.500000,    -69.990466
20.510000,    -69.991751
20.520000,    -69.993032
20.530000,    -69.994310
20.540000,    -69.995585
20.550000,    -69.996855
20.560000,    -69.998123
20.570000,    -69.999387
20.580000,    -70.000647
20.590000,    -70.001904
20.600000,    -70.003157
20.610000,    -70.004407
20.620000,    -70.005654
20.630000,    -70.006897
20.640000,    -70.008136
20.650000,    -70.009372
20.660000,    -70.010605
20.670000,    -70.011834
20.680000,    -70.013060
20.690000,    -70.014283
20.700000,    -70.015502
20.710000,    -70.016718
20.720000,    -70.017930
20.730000,    -70.019139
20.740000,    -70.020345
20.750000,    -70.021547
20.760000,    -70.022746
20.770000,    -70.023942
20.780000,    -70.025134
20.790000,    -70.026323
20.800000,    -70.027509
20.810000,    -70.028692
20.820000,    -70.029871
20.830000,    -70.031047
20.840000,    -70.032220
20.850000,    -70.033389
20.860000,    -70.034555
20.870000,    -70.035718
20.880000,    -70.036878
20.890000,    -70.038035
20.900000,    -70.039188
20.910000,    -70.040338
20.920000,    -70.041485
20.930000,    -70.042629
20.940000,    -70.043770
20.950000,    -70.044907
20.960000,    -70.046042
20.970000,    -70.047173
20.980000,    -70.048301
20.990000,    -70.049426
21.000000,    -70.050548
21.010000,    -70.051667
21.020000,    -70.052782
21.030000,    -70.053895
21.040000,    -70.055004
21.050000,    -70.056111
21.060000,    -70.057214
21.070000,    -70.058314
21.080000,    -70.059412
21.090000,    -70.060506
21.100000,    -70.061597
21.110000,    -70.062685
21.120000,    -70.063770
21.130000,    -70.064852
21.140000,    -70.065931
21.150000,    -70.067008
21.160000,    -70.068081
21.170000,    -70.069151
21.180000,    -70.070218
21.190000,    -70.071282
21.200000,    -70.072344
21.210000,    -70.073402
21.220000,    -70.074458
21.230000,    -70.075510
21.240000,    -70.076560
21.250000,    -70.077606
21.260000,    -70.078650
21.270000,    -70.079691
21.280000,    -70.080729
21.290000,    -70.081764
21.300000,    -70.082797
21.310000,    -70.083826
21.320000,    -70.084853
21.330000,    -70.085876
21.340000,    -70.086897
21.350000,    -70.087915
21.360000,    -70.088931
21.370000,    -70.089943
21.380000,    -70.090953
21.390000,    -70.091960
21.400000,    -70.092964
21.410000,    -70.093965
21.420000,    -70.094963
21.430000,    -70.095959
21.440000,    -70.096952
21.450000,    -70.097942
21.460000,    -70.098930
21.470000,    -70.099914
21.480000,    -70.100896
21.490000,    -70.101876
21.500000,    -70.102852
21.510000,    -70.103826
21.520000,    -70.104797
21.530000,    -70.105766
21.540000,    -70.106732
21.550000,    -70.107695
21.560000,    -70.108655
21.570000,    -70.109613
21.580000,    -70.110568
21.590000,    -70.111521
21.600000,    -70.112470
21.610000,    -70.113418
21.620000,    -70.114362
21.630000,    -70.115304
21.640000,    -70.116243
21.650000,    -70.117180
21.660000,    -70.118114
21.670000,    -70.119046
21.680000,    -70.119975
21.690000,    -70.120901
21.700000,    -70.121825
21.710000,    -70.122746
21.720000,    -70.123665
21.730000,    -70.124581
21.740000,    -70.125495
21.750000,    -70.126406
21.760000,    -70.127315
21.770000,    -70.128221
21.780000,    -70.129124
21.790000,    -70.130025
21.800000,    -70.130924
21.810000,    -70.131820
21.820000,    -70.132714
21.830000,    -70.133605
21.840000,    -70.134493
21.850000,    -70.135379
21.860000,    -70.136263
21.870000,    -70.137144
21.880000,    -70.138023
21.890000,    -70.138900
21.900000,    -70.139774
21.910000,    -70.140645
21.920000,    -70.141514
21.930000,    -70.142381
21.940000,    -70.143245
21.950000,    -70.144107
21.960000,    -70.144967
21.970000,    -70.145824
21.980000,    -70.146679
21.990000,    -70.147531
22.000000,    -70.148381
22.010000,    -70.149229
22.020000,    -70.150074
22.030000,    -70.150917
22.040000,    -70.151758
22.050000,    -70.152596
22.060000,    -70.153432
22.070000,    -70.154265
22.080000,    -70.155097
22.090000,    -70.155926
22.100000,    -70.156753
22.110000,    -70.157577
22.120000,    -70.158399
22.130000,    -70.159219
22.140000,    -70.160037
22.150000,    -70.160852
22.160000,    -70.161665
22.170000,    -70.162476
22.180000,    -70.163285
22.190000,    -70.164091
22.200000,    -70.164895
22.210000,    -70.165697
22.220000,    -70.166496
22.230000,    -70.167294
22.240000,    -70.168089
22.250000,    -70.168882
22.260000,    -70.169673
22.270000,    -70.170462
22.280000,    -70.171248
22.290000,    -70.172032
22.300000,    -70.172814
22.310000,    -70.173594
22.320000,    -70.174372
22.330000,    -70.175148
22.340000,    -70.175921
22.350000,    -70.176692
22.360000,    -70.177461
22.370000,    -70.178228
22.380000,    -70.178993
22.390000,    -70.179756
22.400000,    -70.180517
22.410000,    -70.181275
22.420000,    -70.182032
22.430000,    -70.182786
22.440000,    -70.183538
22.450000,    -70.184288
22.460000,    -70.185037
22.470000,    -70.185783
22.480000,    -70.186526
22.490000,    -70.187268
22.500000,    -70.188008
22.510000,    -70.188746
22.520000,    -70.189482
22.530000,    -70.190215
22.540000,    -70.190947
22.550000,    -70.191677
22.560000,    -70.192404
22.570000,    -70.193130
22.580000,    -70.193853
22.590000,    -70.194575
22.600000,    -70.195294
22.610000,    -70.196012
22.620000,    -70.196727
22.630000,    -70.197441
22.640000,    -70.198153
22.650000,    -70.198862
22.660000,    -70.199570
22.670000,    -70.200275
22.680000,    -70.200979
22.690000,    -70.201681
22.700000,    -70.202381
22.710000,    -70.203079
22.720000,    -70.203775
22.730000,    -70.204469
22.740000,    -70.205161
22.750000,    -70.205851
22.760000,    -70.206539
22.770000,    -70.207225
22.780000,    -70.207910
22.790000,    -70.208592
22.800000,    -70.209273
22.810000,    -70.209952
22.820000,    -70.210629
22.830000,    -70.211304
22.840000,    -70.211977
22.850000,    -70.212648
22.860000,    -70.213317
22.870000,    -70.213985
22.880000,    -70.214651
22.890000,    -70.215314
22.900000,    -70.215976
22.910000,    -70.216637
22.920000,    -70.217295
22.930000,    -70.217951
22.940000,    -70.218606
22.950000,    -70.219259
22.960000,    -70.219910
22.970000,    -70.220559
22.980000,    -70.221207
22.990000,    -70.221852
23.000000,    -70.222496
23.010000,    -70.223138
23.020000,    -70.223778
23.030000,    -70.224417
23.040000,    -70.225054
23.050000,    -70.225689
23.060000,    -70.226322
23.070000,    -70.226953
23.080000,    -70.227583
23.090000,    -70.228211
23.100000,    -70.228837
23.110000,    -70.229461
23.120000,    -70.230084
23.130000,    -70.230705
23.140000,    -70.231324
23.150000,    -70.231942
23.160000,    -70.232558
23.170000,    -70.233172
23.180000,    -70.233784
23.190000,    -70.234395
23.200000,    -70.235004
23.210000,    -70.235611
23.220000,    -70.236217
23.230000,    -70.236821
23.240000,    -70.237423
23.250000,    -70.238024
23.260000,    -70.238623
23.270000,    -70.239220
23.280000,    -70.239816
23.290000,    -70.240410
23.300000,    -70.241002
23.310000,    -70.241593
23.320000,    -70.242182
23.330000,    -70.242769
23.340000,    -70.243355
23.350000,    -70.243939
23.360000,    -70.244522
23.370000,    -70.245102
23.380000,    -70.245682
23.390000,    -70.246259
23.400000,    -70.246836
23.410000,    -70.247410
23.420000,    -70.247983
23.430000,    -70.248554
23.440000,    -70.249124
23.450000,    -70.249692
23.460000,    -70.250259
23.470000,    -70.250824
23.480000,    -70.251387
23.490000,    -70.251949
23.500000,    -70.252509
23.510000,    -70.253068
23.520000,    -70.253625
23.530000,    -70.254181
23.540000,    -70.254735
23.550000,    -70.255287
23.560000,    -70.255838
23.570000,    -70.256388
23.580000,    -70.256936
23.590000,    -70.257482
23.600000,    -70.258027
23.610000,    -70.258570
23.620000,    -70.259112
23.630000,    -70.259653
23.640000,    -70.260192
23.650000,    -70.260729
23.660000,    -70.261265
23.670000,    -70.261799
23.680000,    -70.262332
23.690000,    -70.262864
23.700000,    -70.263394
23.710000,    -70.263922
23.720000,    -70.264449
23.730000,    -70.264975
23.740000,    -70.265499
23.750000,    -70.266022
23.760000,    -70.266543
23.770000,    -70.267063
23.780000,    -70.267581
23.790000,    -70.268098
23.800000,    -70.268613
23.810000,    -70.269127
23.820000,    -70.269640
23.830000,    -70.270151
23.840000,    -70.270661
23.850000,    -70.271169
23.860000,    -70.271676
23.870000,    -70.272181
23.880000,    -70.272685
23.890000,    -70.273188
23.900000,    -70.273689
23.910000,    -70.274189
23.920000,    -70.274688
23.930000,    -70.275185
23.940000,    -70.275681
23.950000,    -70.276175
23.960000,    -70.276668
23.970000,    -70.277160
23.980000,    -70.277650
23.990000,    -70.278139
24.000000,    -70.278626
24.010000,    -70.279113
24.020000,    -70.279597
24.030000,    -70.280081
24.040000,    -70.280563
24.050000,    -70.281044
24.060000,    -70.281523
24.070000,    -70.282002
24.080000,    -70.282478
24.090000,    -70.282954
24.100000,    -70.283428
24.110000,    -70.283901
24.120000,    -70.284372
24.130000,    -70.284843
24.140000,    -70.285312
24.150000,    -70.285779
24.160000,    -70.286245
24.170000,    -70.286710
24.180000,    -70.287174
24.190000,    -70.287637
24.200000,    -70.288098
24.210000,    -70.288558
24.220000,    -70.289016
24.230000,    -70.289474
24.240000,    -70.289930
24.250000,    -70.290384
24.260000,    -70.290838
24.270000,    -70.291290
24.280000,    -70.291741
24.290000,    -70.292191
24.300000,    -70.292639
24.310000,    -70.293087
24.320000,    -70.293533
24.330000,    -70.293978
24.340000,    -70.294421
24.350000,    -70.294863
24.360000,    -70.295304
24.370000,    -70.295744
24.380000,    -70.296183
24.390000,    -70.296620
24.400000,    -70.297057
24.410000,    -70.297492
24.420000,    -70.297925
24.430000,    -70.298358
24.440000,    -70.298789
24.450000,    -70.299219
24.460000,    -70.299648
24.470000,    -70.300076
24.480000,    -70.300503
24.490000,    -70.300928
24.500000,    -70.301352
24.510000,    -70.301775
24.520000,    -70.302197
24.530000,    -70.302618
24.540000,    -70.303038
24.550000,    -70.303456
24.560000,    -70.303873
24.570000,    -70.304289
24.580000,    -70.304704
24.590000,    -70.305118
24.600000,    -70.305530
24.610000,    -70.305942
24.620000,    -70.306352
24.630000,    -70.306761
24.640000,    -70.307169
24.650000,    -70.307576
24.660000,    -70.307982
24.670000,    -70.308387
24.680000,    -70.308790
24.690000,    -70.309192
24.700000,    -70.309594
24.710000,    -70.309994
24.720000,    -70.310393
24.730000,    -70.310791
24.740000,    -70.311188
24.750000,    -70.311583
24.760000,    -70.311978
24.770000,    -70.312371
24.780000,    -70.312764
24.790000,    -70.313155
24.800000,    -70.313546
24.810000,    -70.313935
24.820000,    -70.314323
24.830000,    -70.314710
24.840000,    -70.315096
24.850000,    -70.315481
24.860000,    -70.315864
24.870000,    -70.316247
24.880000,    -70.316629
24.890000,    -70.317009
24.900000,    -70.317389
24.910000,    -70.317767
24.920000,    -70.318145
24.930000,    -70.318521
24.940000,    -70.318896
24.950000,    -70.319271
24.960000,    -70.319644
24.970000,    -70.320016
24.980000,    -70.320387
24.990000,    -70.320758
25.000000,    -70.321127
25.010000,    -70.321495
25.020000,    -70.321862
25.030000,    -70.322228
25.040000,    -70.322593
25.050000,    -70.322957
25.060000,    -70.323320
25.070000,    -70.323682
25.080000,    -70.324043
25.090000,    -70.324403
25.100000,    -70.324762
25.110000,    -70.325120
25.120000,    -70.325477
25.130000,    -70.325833
25.140000,    -70.326188
25.150000,    -70.326542
25.160000,    -70.326895
25.170000,    -70.327247
25.180000,    -70.327598
25.190000,    -70.327948
25.200000,    -70.328297
25.210000,    -70.328645
25.220000,    -70.328993
25.230000,    -70.329339
25.240000,    -70.329684
25.250000,    -70.330028
25.260000,    -70.330372
25.270000,    -70.330714
25.280000,    -70.331056
25.290000,    -70.331396
25.300000,    -70.331736
25.310000,    -70.332074
25.320000,    -70.332412
25.330000,    -70.332749
25.340000,    -70.333084
25.350000,    -70.333419
25.360000,    -70.333753
25.370000,    -70.334086
25.380000,    -70.334418
25.390000,    -70.334749
25.400000,    -70.335080
25.410000,    -70.335409
25.420000,    -70.335737
25.430000,    -70.336065
25.440000,    -70.336391
25.450000,    -70.336717
25.460000,    -70.337042
25.470000,    -70.337366
25.480000,    -70.337689
25.490000,    -70.338011
25.500000,    -70.338332
25.510000,    -70.338652
25.520000,    -70.338971
25.530000,    -70.339290
25.540000,    -70.339607
25.550000,    -70.339924
25.560000,    -70.340240
25.570000,    -70.340555
25.580000,    -70.340869
25.590000,    -70.341182
25.600000,    -70.341495
25.610000,    -70.341806
25.620000,    -70.342117
25.630000,    -70.342426
25.640000,    -70.342735
25.650000,    -70.343043
25.660000,    -70.343350
25.670000,    -70.343657
25.680000,    -70.343962
25.690000,    -70.344267
25.700000,    -70.344571
25.710000,    -70.344874
25.720000,    -70.345176
25.730000,    -70.345477
25.740000,    -70.345777
25.750000,    -70.346077
25.760000,    -70.346376
25.770000,    -70.346673
25.780000,    -70.346971
25.790000,    -70.347267
25.800000,    -70.347562
25.810000,    -70.347857
25.820000,    -70.348151
25.830000,    -70.348444
25.840000,    -70.348736
25.850000,    -70.349027
25.860000,    -70.349318
25.870000,    -70.349607
25.880000,    -70.349896
25.890000,    -70.350184
25.900000,    -70.350472
25.910000,    -70.350758
25.920000,    -70.351044
25.930000,    -70.351329
25.940000,    -70.351613
25.950000,    -70.351896
25.960000,    -70.352179
25.970000,    -70.352460
25.980000,    -70.352741
25.990000,    -70.353022
26.000000,    -70.353301
26.010000,    -70.353580
26.020000,    -70.353858
26.030000,    -70.354135
26.040000,    -70.354411
26.050000,    -70.354687
26.060000,    -70.354961
26.070000,    -70.355235
26.080000,    -70.355509
26.090000,    -70.355781
26.100000,    -70.356053
26.110000,    -70.356324
26.120000,    -70.356594
26.130000,    -70.356864
26.140000,    -70.357132
26.150000,    -70.357400
26.160000,    -70.357667
26.170000,    -70.357934
26.180000,    -70.358200
26.190000,    -70.358465
26.200000,    -70.358729
26.210000,    -70.358993
26.220000,    -70.359255
26.230000,    -70.359517
26.240000,    -70.359779
26.250000,    -70.360039
26.260000,    -70.360299
26.270000,    -70.360559
26.280000,    -70.360817
26.290000,    -70.361075
26.300000,    -70.361332
26.310000,    -70.361588
26.320000,    -70.361844
26.330000,    -70.362099
26.340000,    -70.362353
26.350000,    -70.362606
26.360000,    -70.362859
26.370000,    -70.363111
26.380000,    -70.363362
26.390000,    -70.363613
26.400000,    -70.363863
26.410000,    -70.364112
26.420000,    -70.364361
26.430000,    -70.364609
26.440000,    -70.364856
26.450000,    -70.365102
26.460000,    -70.365348
26.470000,    -70.365593
26.480000,    -70.365838
26.490000,    -70.366082
26.500000,    -70.366325
26.510000,    -70.366567
26.520000,    -70.366809
26.530000,    -70.367050
26.540000,    -70.367290
26.550000,    -70.367530
26.560000,    -70.367769
26.570000,    -70.368008
26.580000,    -70.368245
26.590000,    -70.368482
26.600000,    -70.368719
26.610000,    -70.368955
26.620000,    -70.369190
26.630000,    -70.369424
26.640000,    -70.369658
26.650000,    -70.369891
26.660000,    -70.370124
26.670000,    -70.370355
26.680000,    -70.370587
26.690000,    -70.370817
26.700000,    -70.371047
26.710000,    -70.371276
26.720000,    -70.371505
26.730000,    -70.371733
26.740000,    -70.371960
26.750000,    -70.372187
26.760000,    -70.372413
26.770000,    -70.372639
26.780000,    -70.372864
26.790000,    -70.373088
26.800000,    -70.373311
26.810000,    -70.373534
26.820000,    -70.373757
26.830000,    -70.373979
26.840000,    -70.374200
26.850000,    -70.374420
26.860000,    -70.374640
26.870000,    -70.374859
26.880000,    -70.375078
26.890000,    -70.375296
26.900000,    -70.375514
26.910000,    -70.375730
26.920000,    -70.375947
26.930000,    -70.376162
26.940000,    -70.376377
26.950000,    -70.376592
26.960000,    -70.376806
26.970000,    -70.377019
26.980000,    -70.377232
26.990000,    -70.377444
27.000000,    -70.377655
27.010000,    -70.377866
27.020000,    -70.378076
27.030000,    -70.378286
27.040000,    -70.378495
27.050000,    -70.378704
27.060000,    -70.378912
27.070000,    -70.379119
27.080000,    -70.379326
27.090000,    -70.379532
27.100000,    -70.379738
27.110000,    -70.379943
27.120000,    -70.380148
27.130000,    -70.380352
27.140000,    -70.380555
27.150000,    -70.380758
27.160000,    -70.380960
27.170000,    -70.381162
27.180000,    -70.381363
27.190000,    -70.381564
27.200000,    -70.381764
27.210000,    -70.381963
27.220000,    -70.382162
27.230000,    -70.382360
27.240000,    -70.382558
27.250000,    -70.382755
27.260000,    -70.382952
27.270000,    -70.383148
27.280000,    -70.383344
27.290000,    -70.383539
27.300000,    -70.383734
27.310000,    -70.383928
27.320000,    -70.384121
27.330000,    -70.384314
27.340000,    -70.384506
27.350000,    -70.384698
27.360000,    -70.384889
27.370000,    -70.385080
27.380000,    -70.385271
27.390000,    -70.385460
27.400000,    -70.385649
27.410000,    -70.385838
27.420000,    -70.386026
27.430000,    -70.386214
27.440000,    -70.386401
27.450000,    -70.386587
27.460000,    -70.386774
27.470000,    -70.386959
27.480000,    -70.387144
27.490000,    -70.387329
27.500000,    -70.387513
27.510000,    -70.387696
27.520000,    -70.387879
27.530000,    -70.388062
27.540000,    -70.388243
27.550000,    -70.388425
27.560000,    -70.388606
27.570000,    -70.388786
27.580000,    -70.388966
27.590000,    -70.389146
27.600000,    -70.389325
27.610000,    -70.389503
27.620000,    -70.389681
27.630000,    -70.389858
27.640000,    -70.390035
27.650000,    -70.390212
27.660000,    -70.390388
27.670000,    -70.390563
27.680000,    -70.390738
27.690000,    -70.390913
27.700000,    -70.391087
27.710000,    -70.391260
27.720000,    -70.391433
27.730000,    -70.391606
27.740000,    -70.391778
27.750000,    -70.391950
27.760000,    -70.392121
27.770000,    -70.392291
27.780000,    -70.392462
27.790000,    -70.392631
27.800000,    -70.392801
27.810000,    -70.392969
27.820000,    -70.393138
27.830000,    -70.393305
27.840000,    -70.393473
27.850000,    -70.393640
27.860000,    -70.393806
27.870000,    -70.393972
27.880000,    -70.394138
27.890000,    -70.394303
27.900000,    -70.394467
27.910000,    -70.394631
27.920000,    -70.394795
27.930000,    -70.394958
27.940000,    -70.395121
27.950000,    -70.395283
27.960000,    -70.395445
27.970000,    -70.395607
27.980000,    -70.395768
27.990000,    -70.395928
28.000000,    -70.396088
28.010000,    -70.396248
28.020000,    -70.396407
28.030000,    -70.396566
28.040000,    -70.396724
28.050000,    -70.396882
28.060000,    -70.397039
28.070000,    -70.397196
28.080000,    -70.397353
28.090000,    -70.397509
28.100000,    -70.397664
28.110000,    -70.397820
28.120000,    -70.397975
28.130000,    -70.398129
28.140000,    -70.398283
28.150000,    -70.398436
28.160000,    -70.398589
28.170000,    -70.398742
28.180000,    -70.398894
28.190000,    -70.399046
28.200000,    -70.399198
28.210000,    -70.399348
28.220000,    -70.399499
28.230000,    -70.399649
28.240000,    -70.399799
28.250000,    -70.399948
28.260000,    -70.400097
28.270000,    -70.400246
28.280000,    -70.400394
28.290000,    -70.400541
28.300000,    -70.400688
28.310000,    -70.400835
28.320000,    -70.400982
28.330000,    -70.401128
28.340000,    -70.401273
28.350000,    -70.401418
28.360000,    -70.401563
28.370000,    -70.401708
28.380000,    -70.401852
28.390000,    -70.401995
28.400000,    -70.402138
28.410000,    -70.402281
28.420000,    -70.402424
28.430000,    -70.402566
28.440000,    -70.402707
28.450000,    -70.402848
28.460000,    -70.402989
28.470000,    -70.403130
28.480000,    -70.403270
28.490000,    -70.403409
28.500000,    -70.403548
28.510000,    -70.403687
28.520000,    -70.403826
28.530000,    -70.403964
28.540000,    -70.404102
28.550000,    -70.404239
28.560000,    -70.404376
28.570000,    -70.404512
28.580000,    -70.404649
28.590000,    -70.404784
28.600000,    -70.404920
28.610000,    -70.405055
28.620000,    -70.405189
28.630000,    -70.405324
28.640000,    -70.405458
28.650000,    -70.405591
28.660000,    -70.405724
28.670000,    -70.405857
28.680000,    -70.405990
28.690000,    -70.406122
28.700000,    -70.406253
28.710000,    -70.406385
28.720000,    -70.406516
28.730000,    -70.406646
28.740000,    -70.406777
28.750000,    -70.406906
28.760000,    -70.407036
28.770000,    -70.407165
28.780000,    -70.407294
28.790000,    -70.407422
28.800000,    -70.407550
28.810000,    -70.407678
28.820000,    -70.407805
28.830000,    -70.407932
28.840000,    -70.408059
28.850000,    -70.408185
28.860000,    -70.408311
28.870000,    -70.408437
28.880000,    -70.408562
28.890000,    -70.408687
28.900000,    -70.408812
28.910000,    -70.408936
28.920000,    -70.409060
28.930000,    -70.409183
28.940000,    -70.409307
28.950000,    -70.409429
28.960000,    -70.409552
28.970000,    -70.409674
28.980000,    -70.409796
28.990000,    -70.409917
29.000000,    -70.410038
29.010000,    -70.410159
29.020000,    -70.410280
29.030000,    -70.410400
29.040000,    -70.410520
29.050000,    -70.410639
29.060000,    -70.410758
29.070000,    -70.410877
29.080000,    -70.410995
29.090000,    -70.411114
29.100000,    -70.411231
29.110000,    -70.411349
29.120000,    -70.411466
29.130000,    -70.411583
29.140000,    -70.411699
29.150000,    -70.411815
29.160000,    -70.411931
29.170000,    -70.412047
29.180000,    -70.412162
29.190000,    -70.412277
29.200000,    -70.412392
29.210000,    -70.412506
29.220000,    -70.412620
29.230000,    -70.412733
29.240000,    -70.412847
29.250000,    -70.412960
29.260000,    -70.413072
29.270000,    -70.413185
29.280000,    -70.413297
29.290000,    -70.413408
29.300000,    -70.413520
29.310000,    -70.413631
29.320000,    -70.413742
29.330000,    -70.413852
29.340000,    -70.413962
29.350000,    -70.414072
29.360000,    -70.414182
29.370000,    -70.414291
29.380000,    -70.414400
29.390000,    -70.414509
29.400000,    -70.414617
29.410000,    -70.414725
29.420000,    -70.414833
29.430000,    -70.414940
29.440000,    -70.415048
29.450000,    -70.415154
29.460000,    -70.415261
29.470000,    -70.415367
29.480000,    -70.415473
29.490000,    -70.415579
29.500000,    -70.415684
29.510000,    -70.415789
29.520000,    -70.415894
29.530000,    -70.415999
29.540000,    -70.416103
29.550000,    -70.416207
29.560000,    -70.416310
29.570000,    -70.416414
29.580000,    -70.416517
29.590000,    -70.416619
29.600000,    -70.416722
29.610000,    -70.416824
29.620000,    -70.416926
29.630000,    -70.417028
29.640000,    -70.417129
29.650000,    -70.417230
29.660000,    -70.417331
29.670000,    -70.417431
29.680000,    -70.417532
29.690000,    -70.417632
29.700000,    -70.417731
29.710000,    -70.417831
29.720000,    -70.417930
29.730000,    -70.418029
29.740000,    -70.418127
29.750000,    -70.418225
29.760000,    -70.418323
29.770000,    -70.418421
29.780000,    -70.418519
29.790000,    -70.418616
29.800000,    -70.418713
29.810000,    -70.418809
29.820000,    -70.418906
29.830000,    -70.419002
29.840000,    -70.419098
29.850000,    -70.419193
29.860000,    -70.419289
29.870000,    -70.419384
29.880000,    -70.419478
29.890000,    -70.419573
29.900000,    -70.419667
29.910000,    -70.419761
29.920000,    -70.419855
29.930000,    -70.419948
29.940000,    -70.420042
29.950000,    -70.420135
29.960000,    -70.420227
29.970000,    -70.420320
29.980000,    -70.420412
29.990000,    -70.420504
30.000000,    -70.420596
30.010000,    -70.420687
30.020000,    -70.420778
30.030000,    -70.420869
30.040000,    -70.420960
30.050000,    -70.421050
30.060000,    -70.421140
30.070000,    -70.421230
30.080000,    -70.421320
30.090000,    -70.421409
30.100000,    -70.421498
30.110000,    -70.421587
30.120000,    -70.421676
30.130000,    -70.421764
30.140000,    -70.421852
30.150000,    -70.421940
30.160000,    -70.422028
30.170000,    -70.422115
30.180000,    -70.422203
30.190000,    -70.422290
30.200000,    -70.422376
30.210000,    -70.422463
30.220000,    -70.422549
30.230000,    -70.422635
30.240000,    -70.422721
30.250000,    -70.422806
30.260000,    -70.422891
30.270000,    -70.422976
30.280000,    -70.423061
30.290000,    -70.423146
30.300000,    -70.423230
30.310000,    -70.423314
30.320000,    -70.423398
30.330000,    -70.423482
30.340000,    -70.423565
30.350000,    -70.423648
30.360000,    -70.423731
30.370000,    -70.423814
30.380000,    -70.423896
30.390000,    -70.423978
30.400000,    -70.424060
30.410000,    -70.424142
30.420000,    -70.424224
30.430000,    -70.424305
30.440000,    -70.424386
30.450000,    -70.424467
30.460000,    -70.424548
30.470000,    -70.424628
30.480000,    -70.424708
30.490000,    -70.424788
30.500000,    -70.424868
30.510000,    -70.424947
30.520000,    -70.425027
30.530000,    -70.425106
30.540000,    -70.425185
30.550000,    -70.425263
30.560000,    -70.425342
30.570000,    -70.425420
30.580000,    -70.425498
30.590000,    -70.425576
30.600000,    -70.425653
30.610000,    -70.425731
30.620000,    -70.425808
30.630000,    -70.425885
30.640000,    -70.425961
30.650000,    -70.426038
30.660000,    -70.426114
30.670000,    -70.426190
30.680000,    -70.426266
30.690000,    -70.426342
30.700000,    -70.426417
30.710000,    -70.426492
30.720000,    -70.426567
30.730000,    -70.426642
30.740000,    -70.426717
30.750000,    -70.426791
30.760000,    -70.426865
30.770000,    -70.426939
30.780000,    -70.427013
30.790000,    -70.427086
30.800000,    -70.427160
30.810000,    -70.427233
30.820000,    -70.427306
30.830000,    -70.427379
30.840000,    -70.427451
30.850000,    -70.427523
30.860000,    -70.427596
30.870000,    -70.427667
30.880000,    -70.427739
30.890000,    -70.427811
30.900000,    -70.427882
30.910000,    -70.427953
30.920000,    -70.428024
30.930000,    -70.428095
30.940000,    -70.428165
30.950000,    -70.428236
30.960000,    -70.428306
30.970000,    -70.428376
30.980000,    -70.428446
30.990000,    -70.428515
31.000000,    -70.428585
31.010000,    -70.428654
31.020000,    -70.428723
31.030000,    -70.428791
31.040000,    -70.428860
31.050000,    -70.428928
31.060000,    -70.428997
31.070000,    -70.429065
31.080000,    -70.429133
31.090000,    -70.429200
31.100000,    -70.429268
31.110000,    -70.429335
31.120000,    -70.429402
31.130000,    -70.429469
31.140000,    -70.429536
31.150000,    -70.429602
31.160000,    -70.429669
31.170000,    -70.429735
31.180000,    -70.429801
31.190000,    -70.429866
31.200000,    -70.429932
31.210000,    -70.429997
31.220000,    -70.430063
31.230000,    -70.430128
31.240000,    -70.430193
31.250000,    -70.430257
31.260000,    -70.430322
31.270000,    -70.430386
31.280000,    -70.430450
31.290000,    -70.430514
31.300000,    -70.430578
31.310000,    -70.430642
31.320000,    -70.430705
31.330000,    -70.430768
31.340000,    -70.430832
31.350000,    -70.430895
31.360000,    -70.430957
31.370000,    -70.431020
31.380000,    -70.431082
31.390000,    -70.431144
31.400000,    -70.431206
31.410000,    -70.431268
31.420000,    -70.431330
31.430000,    -70.431392
31.440000,    -70.431453
31.450000,    -70.431514
31.460000,    -70.431575
31.470000,    -70.431636
31.480000,    -70.431697
31.490000,    -70.431757
31.500000,    -70.431818
31.510000,    -70.431878
31.520000,    -70.431938
31.530000,    -70.431998
31.540000,    -70.432057
31.550000,    -70.432117
31.560000,    -70.432176
31.570000,    -70.432235
31.580000,    -70.432294
31.590000,    -70.432353
31.600000,    -70.432412
31.610000,    -70.432470
31.620000,    -70.432529
31.630000,    -70.432587
31.640000,    -70.432645
31.650000,    -70.432703
31.660000,    -70.432760
31.670000,    -70.432818
31.680000,    -70.432875
31.690000,    -70.432933
31.700000,    -70.432990
31.710000,    -70.433047
31.720000,    -70.433103
31.730000,    -70.433160
31.740000,    -70.433216
31.750000,    -70.433273
31.760000,    -70.433329
31.770000,    -70.433385
31.780000,    -70.433441
31.790000,    -70.433496
31.800000,    -70.433552
31.810000,    -70.433607
31.820000,    -70.433662
31.830000,    -70.433717
31.840000,    -70.433772
31.850000,    -70.433827
31.860000,    -70.433882
31.870000,    -70.433936
31.880000,    -70.433990
31.890000,    -70.434044
31.900000,    -70.434098
31.910000,    -70.434152
31.920000,    -70.434206
31.930000,    -70.434259
31.940000,    -70.434313
31.950000,    -70.434366
31.960000,    -70.434419
31.970000,    -70.434472
31.980000,    -70.434525
31.990000,    -70.434577
32.000000,    -70.434630
32.010000,    -70.434682
32.020000,    -70.434734
32.030000,    -70.434787
32.040000,    -70.434838
32.050000,    -70.434890
32.060000,    -70.434942
32.070000,    -70.434993
32.080000,    -70.435045
32.090000,    -70.435096
32.100000,    -70.435147
32.110000,    -70.435198
32.120000,    -70.435249
32.130000,    -70.435299
32.140000,    -70.435350
32.150000,    -70.435400
32.160000,    -70.435450
32.170000,    -70.435500
32.180000,    -70.435550
32.190000,    -70.435600
32.200000,    -70.435650
32.210000,    -70.435699
32.220000,    -70.435748
32.230000,    -70.435798
32.240000,    -70.435847
32.250000,    -70.435896
32.260000,    -70.435945
32.270000,    -70.435993
32.280000,    -70.436042
32.290000,    -70.436090
32.300000,    -70.436138
32.310000,    -70.436187
32.320000,    -70.436235
32.330000,    -70.436283
32.340000,    -70.436330
32.350000,    -70.436378
32.360000,    -70.436425
32.370000,    -70.436473
32.380000,    -70.436520
32.390000,    -70.436567
32.400000,    -70.436614
32.410000,    -70.436661
32.420000,    -70.436707
32.430000,    -70.436754
32.440000,    -70.436800
32.450000,    -70.436847
32.460000,    -70.436893
32.470000,    -70.436939
32.480000,    -70.436985
32.490000,    -70.437031
32.500000,    -70.437076
32.510000,    -70.437122
32.520000,    -70.437167
32.530000,    -70.437213
32.540000,    -70.437258
32.550000,    -70.437303
32.560000,    -70.437348
32.570000,    -70.437392
32.580000,    -70.437437
32.590000,    -70.437482
32.600000,    -70.437526
32.610000,    -70.437570
32.620000,    -70.437614
32.630000,    -70.437658
32.640000,    -70.437702
32.650000,    -70.437746
32.660000,    -70.437790
32.670000,    -70.437833
32.680000,    -70.437877
32.690000,    -70.437920
32.700000,    -70.437963
32.710000,    -70.438006
32.720000,    -70.438049
32.730000,    -70.438092
32.740000,    -70.438135
32.750000,    -70.438177
32.760000,    -70.438220
32.770000,    -70.438262
32.780000,    -70.438304
32.790000,    -70.438347
32.800000,    -70.438389
32.810000,    -70.438430
32.820000,    -70.438472
32.830000,    -70.438514
32.840000,    -70.438555
32.850000,    -70.438597
32.860000,    -70.438638
32.870000,    -70.438679
32.880000,    -70.438720
32.890000,    -70.438761
32.900000,    -70.438802
32.910000,    -70.438843
32.920000,    -70.438884
32.930000,    -70.438924
32.940000,    -70.438964
32.950000,    -70.439005
32.960000,    -70.439045
32.970000,    -70.439085
32.980000,    -70.439125
32.990000,    -70.439165
33.000000,    -70.439204
33.010000,    -70.439244
33.020000,    -70.439284
33.030000,    -70.439323
33.040000,    -70.439362
33.050000,    -70.439401
33.060000,    -70.439440
33.070000,    -70.439479
33.080000,    -70.439518
33.090000,    -70.439557
33.100000,    -70.439596
33.110000,    -70.439634
33.120000,    -70.439673
33.130000,    -70.439711
33.140000,    -70.439749
33.150000,    -70.439787
33.160000,    -70.439825
33.170000,    -70.439863
33.180000,    -70.439901
33.190000,    -70.439938
33.200000,    -70.439976
33.210000,    -70.440013
33.220000,    -70.440051
33.230000,    -70.440088
33.240000,    -70.440125
33.250000,    -70.440162
33.260000,    -70.440199
33.270000,    -70.440236
33.280000,    -70.440273
33.290000,    -70.440309
33.300000,    -70.440346
33.310000,    -70.440382
33.320000,    -70.440419
33.330000,    -70.440455
33.340000,    -70.440491
33.350000,    -70.440527
33.360000,    -70.440563
